{"IcoMoonType":"selection","icons":[{"icon":{"paths":["M192 0v1024l320-320 320 320v-1024z"],"attrs":[{"strokeLinejoin":"miter","strokeLinecap":"butt","strokeMiterlimit":"4","strokeWidth":32}],"isMulticolor":false,"isMulticolor2":false,"tags":["bookmark","ribbon"],"grid":16},"attrs":[{"strokeLinejoin":"miter","strokeLinecap":"butt","strokeMiterlimit":"4","strokeWidth":32}],"properties":{"order":4,"id":0,"prevSize":32,"code":59648,"name":"bookmark"},"setIdx":0,"setId":0,"iconIdx":0},{"icon":{"paths":["M877.254 621.254l-320 320c-24.992 24.994-65.514 24.994-90.508 0l-320-320c-24.994-24.994-24.994-65.516 0-90.51 24.994-24.996 65.516-24.996 90.51 0l210.744 210.746v-613.49c0-35.346 28.654-64 64-64s64 28.654 64 64v613.49l210.746-210.746c12.496-12.496 28.876-18.744 45.254-18.744s32.758 6.248 45.254 18.746c24.994 24.994 24.994 65.514 0 90.508z"],"attrs":[{"strokeLinejoin":"miter","strokeLinecap":"butt","strokeMiterlimit":"4","strokeWidth":32}],"isMulticolor":false,"isMulticolor2":false,"tags":["arrow-down","down","download","bottom"],"grid":16},"attrs":[{"strokeLinejoin":"miter","strokeLinecap":"butt","strokeMiterlimit":"4","strokeWidth":32}],"properties":{"order":5,"id":1,"prevSize":32,"code":59649,"name":"arrow-down"},"setIdx":0,"setId":0,"iconIdx":1},{"icon":{"paths":["M225 448c123.712 0 224 100.29 224 224 0 123.712-100.288 224-224 224s-224-100.288-224-224l-1-32c0-247.424 200.576-448 448-448v128c-85.474 0-165.834 33.286-226.274 93.726-11.634 11.636-22.252 24.016-31.83 37.020 11.438-1.8 23.16-2.746 35.104-2.746zM801 448c123.71 0 224 100.29 224 224 0 123.712-100.29 224-224 224s-224-100.288-224-224l-1-32c0-247.424 200.576-448 448-448v128c-85.474 0-165.834 33.286-226.274 93.726-11.636 11.636-22.254 24.016-31.832 37.020 11.44-1.8 23.16-2.746 35.106-2.746z"],"attrs":[{"strokeLinejoin":"miter","strokeLinecap":"butt","strokeMiterlimit":"4","strokeWidth":32}],"isMulticolor":false,"isMulticolor2":false,"tags":["quotes-left","ldquo"],"grid":16},"attrs":[{"strokeLinejoin":"miter","strokeLinecap":"butt","strokeMiterlimit":"4","strokeWidth":32}],"properties":{"order":6,"id":2,"prevSize":32,"code":59650,"name":"quotes-left"},"setIdx":0,"setId":0,"iconIdx":2}],"height":1024,"metadata":{"name":"icomoon"},"preferences":{"showGlyphs":true,"showCodes":true,"showQuickUse":true,"showQuickUse2":true,"showSVGs":true,"fontPref":{"prefix":"icon-","metadata":{"fontFamily":"icomoon"},"metrics":{"emSize":1024,"baseline":6.25,"whitespace":50},"embed":false},"imagePref":{"prefix":"icon-","png":true,"useClassSelector":true,"color":0,"bgColor":16777215},"historySize":50}}